{
	"info": {
		"_postman_id": "77023428-ddf8-4aa3-8fea-ab771b1d8546",
		"name": "bookstore",
		"schema": "https://schema.getpostman.com/json/collection/v2.0.0/collection.json",
		"_exporter_id": "26930799"
	},
	"item": [
		{
			"name": "authors",
			"item": [
				{
					"name": "create author",
					"request": {
						"auth": {
							"type": "basic",
							"basic": {
								"password": "adminpass",
								"username": "admin"
							}
						},
						"method": "POST",
						"header": [],
						"body": {
							"mode": "raw",
							"raw": "{\n\t\"name\": \"red riding hood\",\n\t\"birthday\": \"1972-08-23T15:20:13\"\n}",
							"options": {
								"raw": {
									"language": "json"
								}
							}
						},
						"url": {
							"raw": "{{URL}}:{{PORT}}/{{APIv1}}{{AUTHORS}}",
							"host": [
								"{{URL}}"
							],
							"port": "{{PORT}}",
							"path": [
								"{{APIv1}}{{AUTHORS}}"
							],
							"query": [
								{
									"key": "",
									"value": "",
									"disabled": true
								}
							]
						}
					},
					"response": []
				},
				{
					"name": "get author",
					"protocolProfileBehavior": {
						"disableBodyPruning": true
					},
					"request": {
						"auth": {
							"type": "basic",
							"basic": {
								"password": "adminpass",
								"username": "admin"
							}
						},
						"method": "GET",
						"header": [],
						"body": {
							"mode": "raw",
							"raw": "",
							"options": {
								"raw": {
									"language": "json"
								}
							}
						},
						"url": {
							"raw": "{{URL}}:{{PORT}}/{{APIv1}}{{AUTHORS}}",
							"host": [
								"{{URL}}"
							],
							"port": "{{PORT}}",
							"path": [
								"{{APIv1}}{{AUTHORS}}"
							],
							"query": [
								{
									"key": "",
									"value": "",
									"disabled": true
								}
							]
						}
					},
					"response": []
				}
			]
		},
		{
			"name": "books",
			"item": [
				{
					"name": "get books",
					"protocolProfileBehavior": {
						"disableBodyPruning": true
					},
					"request": {
						"auth": {
							"type": "basic",
							"basic": {
								"password": "userpass",
								"username": "user"
							}
						},
						"method": "GET",
						"header": [],
						"body": {
							"mode": "raw",
							"raw": "",
							"options": {
								"raw": {
									"language": "json"
								}
							}
						},
						"url": {
							"raw": "{{URL}}:{{PORT}}/{{APIv1}}{{BOOKS}}",
							"host": [
								"{{URL}}"
							],
							"port": "{{PORT}}",
							"path": [
								"{{APIv1}}{{BOOKS}}"
							],
							"query": [
								{
									"key": "",
									"value": "",
									"disabled": true
								}
							]
						}
					},
					"response": []
				},
				{
					"name": "create book",
					"request": {
						"auth": {
							"type": "basic",
							"basic": {
								"password": "userpass",
								"username": "user"
							}
						},
						"method": "POST",
						"header": [],
						"body": {
							"mode": "raw",
							"raw": "{\n\t\"isbn\": \"123-2102011176\",\n\t\"title\": \"festive dracula\",\n\t\"authors\": [\"hakuna matata\", \"george orwell\", \"red riding hood\"],\n\t\"year\": 1999,\n\t\"price\": 26.82,\n\t\"genre\": \"fiction\"\n}",
							"options": {
								"raw": {
									"language": "json"
								}
							}
						},
						"url": {
							"raw": "{{URL}}:{{PORT}}/{{APIv1}}{{BOOKS}}",
							"host": [
								"{{URL}}"
							],
							"port": "{{PORT}}",
							"path": [
								"{{APIv1}}{{BOOKS}}"
							],
							"query": [
								{
									"key": "",
									"value": "",
									"disabled": true
								}
							]
						}
					},
					"response": []
				},
				{
					"name": "update book",
					"request": {
						"auth": {
							"type": "basic",
							"basic": {
								"password": "userpass",
								"username": "user"
							}
						},
						"method": "PUT",
						"header": [],
						"body": {
							"mode": "raw",
							"raw": "{\n\t\"title\": \"festive dracula\",\n\t\"authors\": [\"hakuna matata\", \"red riding hood\"],\n\t\"year\": 2022,\n\t\"price\": 17.82,\n\t\"genre\": \"fiction\"\n}",
							"options": {
								"raw": {
									"language": "json"
								}
							}
						},
						"url": {
							"raw": "{{URL}}:{{PORT}}/{{APIv1}}{{BOOKS}}/123-2102011176",
							"host": [
								"{{URL}}"
							],
							"port": "{{PORT}}",
							"path": [
								"{{APIv1}}{{BOOKS}}",
								"123-2102011176"
							],
							"query": [
								{
									"key": "",
									"value": "",
									"disabled": true
								}
							]
						}
					},
					"response": []
				},
				{
					"name": "delete book",
					"request": {
						"auth": {
							"type": "basic",
							"basic": {
								"password": "adminpass",
								"username": "admin"
							}
						},
						"method": "DELETE",
						"header": [],
						"body": {
							"mode": "raw",
							"raw": "{\n\t\"isbn\": \"123-2102011199\",\n\t\"title\": \"1984\",\n\t\"year\": 2002,\n\t\"price\": 50.82,\n\t\"genre\": \"fiction\"\n}",
							"options": {
								"raw": {
									"language": "json"
								}
							}
						},
						"url": {
							"raw": "{{URL}}:{{PORT}}/{{APIv1}}{{BOOKS}}/123-2102011176",
							"host": [
								"{{URL}}"
							],
							"port": "{{PORT}}",
							"path": [
								"{{APIv1}}{{BOOKS}}",
								"123-2102011176"
							],
							"query": [
								{
									"key": "",
									"value": "",
									"disabled": true
								}
							]
						}
					},
					"response": []
				},
				{
					"name": "get books via bookname",
					"protocolProfileBehavior": {
						"disableBodyPruning": true
					},
					"request": {
						"auth": {
							"type": "basic",
							"basic": {
								"password": "userpass",
								"username": "user"
							}
						},
						"method": "GET",
						"header": [],
						"body": {
							"mode": "raw",
							"raw": "",
							"options": {
								"raw": {
									"language": "json"
								}
							}
						},
						"url": {
							"raw": "{{URL}}:{{PORT}}/{{APIv1}}{{BOOKS}}/title/1984",
							"host": [
								"{{URL}}"
							],
							"port": "{{PORT}}",
							"path": [
								"{{APIv1}}{{BOOKS}}",
								"title",
								"1984"
							],
							"query": [
								{
									"key": "",
									"value": "",
									"disabled": true
								}
							]
						}
					},
					"response": []
				},
				{
					"name": "get books via author",
					"protocolProfileBehavior": {
						"disableBodyPruning": true
					},
					"request": {
						"auth": {
							"type": "basic",
							"basic": {
								"password": "userpass",
								"username": "user"
							}
						},
						"method": "GET",
						"header": [],
						"body": {
							"mode": "raw",
							"raw": "",
							"options": {
								"raw": {
									"language": "json"
								}
							}
						},
						"url": {
							"raw": "{{URL}}:{{PORT}}/{{APIv1}}{{BOOKS}}/author/george orwell",
							"host": [
								"{{URL}}"
							],
							"port": "{{PORT}}",
							"path": [
								"{{APIv1}}{{BOOKS}}",
								"author",
								"george orwell"
							],
							"query": [
								{
									"key": "",
									"value": "",
									"disabled": true
								}
							]
						}
					},
					"response": []
				}
			]
		}
	],
	"event": [
		{
			"listen": "prerequest",
			"script": {
				"type": "text/javascript",
				"packages": {},
				"exec": [
					""
				]
			}
		},
		{
			"listen": "test",
			"script": {
				"type": "text/javascript",
				"packages": {},
				"exec": [
					""
				]
			}
		}
	],
	"variable": [
		{
			"key": "URL",
			"value": "http://localhost",
			"type": "string"
		},
		{
			"key": "PORT",
			"value": "8080",
			"type": "string"
		},
		{
			"key": "APIv1",
			"value": "api/v1",
			"type": "string"
		},
		{
			"key": "BOOKS",
			"value": "/books",
			"type": "string"
		},
		{
			"key": "AUTHORS",
			"value": "/authors",
			"type": "string"
		},
		{
			"value": "",
			"type": "string",
			"disabled": true
		}
	]
}